,0,1,2,3,4,5,6,7,8,9,10,11,12,13,14,15,16,17,18,19,20,21,22,23,24,25,26,27,28,29,30,31,32,33,34,35,36,37,38,39,40,41,42,43,44,45,46,47,48,49
TSC22D1,RFXANK,ZNF595,PA2G4,FAM200B,HSF1,MYB,SIGIRR,C1D,UBB,NR2F6,IRF3,FUS,HIC2,JARID2,HMGN3,HNRNPD,MTDH,CCDC124,NUCKS1,EDF1,THAP7,MBNL1,HNRNPU,NCOR1,JADE1,HMGB3,MLLT10,TRIM33,DNAJC2,MKRN1,RPL7A,MYCBP,ARID1A,RBBP7,SON,SAFB2,HES1,RPS27A,PHB,PCBP2,FEV,PITX1,STAT5A,SUPT5H,RPL7,YBX1,HMGN1,JUND,CLU,TSC22D1
KLF1,MAZ,LYL1,DDB1,RPS27A,TAF7,UBB,NR2F2,HMGN3,TFDP1,CHD4,ENO1,HMGB2,ZKSCAN1,LYAR,MDM4,TOP2B,GTF2I,KDM5B,GATA1,PIM1,UBTF,GATA2,LMO2,PRMT2,HIC2,PA2G4,STRA13,CLU,MXD4,ID3,MPG,GADD45A,PITX1,STAT5A,MEF2C,PYCARD,TFDP2,FEV,TGFB1,ARID3A,PHF19,DRAP1,TSC22D1,HIST1H1C,AES,YBX1,MYB,HNRNPA1,SMYD3,KLF1
MAP2K6,GTF2F1,SMYD3,MAD2L2,GTF3A,POU3F2,MTF2,MTDH,PIM1,MLLT11,TSC22D1,PCBD1,NUCKS1,TBPL1,ZNF706,DDX5,NABP2,JADE1,GATA2,TADA3,BCLAF1,TFAM,ZNF431,OTULIN,REXO4,BOLA3,FARSA,HMGB2,DNAJC2,HOXB4,LMO4,YBX3,HES1,FEV,SUB1,LYAR,C1D,JUND,TOP2B,MDM4,UBB,ZNF593,HNRNPA1,PTTG1,SSB,CLU,HIST1H1C,PHB,PA2G4,PITX1,PYCARD
CEBPE,CCDC124,THRAP3,ZNF580,CHRAC1,MYB,BRD4,GTF2F1,SIGIRR,MYC,NR6A1,PRKCB,UBE2N,RFC1,HNRNPAB,CTNNB1,CLU,CHAMP1,E2F4,HIST1H1C,PARP1,TCF3,ZFP36L2,ZNF106,MLLT11,KMT2A,TFDP1,ID3,RELN,CITED2,ARID3A,PLEK,RPL7,NFE2L2,TCEAL8,ZNF655,TFAM,YBX1,HMGA1,HCFC1,APEX1,BOLA3,SPI1,CTBP1,HNRNPA1,JARID2,PYCARD,PITX1,ITGB2,LMO4,CEBPE
RUNX1T1,HMGXB3,SUPT4H1,HNRNPU,NR2F6,E2F4,SLC39A10,PHF20,MEF2C,EDF1,ZC3HAV1,RBBP7,ZHX1,TFDP1,PFDN1,GLYR1,CCDC124,MLLT10,HSBP1,CUL1,TFAM,TCF3,EZH2,KCMF1,ZC3H18,TRIM28,CEBPZ,ID1,CREM,HOXB2,ENO1,ZNF639,HIRA,SMARCC1,FOXL2,PRKCB,BBX,UBN1,TOP2B,TARDBP,CUL4A,DDX5,NONO,RPL36A,MYB,CTCF,UBE2K,DNAJC2,CUX1,CIZ1,RUNX1T1
MAML2,PRKCB,EIF3K,JARID2,ZEB1,UBB,BATF3,UBTF,HMGXB4,ZNF706,POLR2L,POLR2J,DR1,NABP2,TOP2B,HIC2,FARSA,GADD45A,ZNF330,HMGB2,ZC3H15,MED15,CGGBP1,TERF2IP,DDX5,RAD21,PA2G4,NFIC,SMARCA5,DDB1,PBX2,HOXB2,ZC3H13,HMGXB3,ABL1,PIN1,ZNF431,HES6,NR2F2,RELN,YY1,CAMTA1,MPG,SOX4,MEF2C,CITED2,RFXANK,PCBP2,COMMD6,MYC,HIST1H1C
CBL,MAX,ZMAT2,APEX1,HDAC1,COPS3,SSB,ARID3A,BTG2,RPS27A,ZC3H11A,NFATC3,HP1BP3,ZC3HAV1,ENO1,SUB1,HMGB1,DNAJC1,MLXIP,LMO2,NFE2,HIST1H1C,HNRNPA1,PRMT2,LARP1,DEK,HNRNPA3,HLTF,MYBL2,NCOA4,DNMT1,RPL7A,BOLA3,TSC22D1,PHB,MAVS,PHF19,PIM1,CREG1,TOP2A,DDB1,TADA3,CARHSP1,RELN,SMYD3,HIC2,TCF4,KLF1,FEV,PITX1,CBL
PTPN9,TCEAL8,BRCA1,RPL7,LMO2,C1D,USF2,MYC,GTF2A2,HMGB1,EIF2AK4,RNASEH1,ITGB3BP,DDRGK1,PCBP1,POLR2L,PARK7,GTF2F1,HHEX,MLX,ZRANB2,NUCKS1,ZNF431,EWSR1,SON,HNRNPAB,HIST1H1C,ZNF106,TBPL1,PHB,PTTG1,H1FX,PCBP2,RFC1,KDM1A,SIGIRR,HDAC1,TFDP2,HOXB9,HIC2,PA2G4,KLF1,NR2F2,HSBP1,HNRNPA1,PHF19,HES1,ZFP36L1,SMYD3,PIM1,PITX1
TGFBR2,BDP1,POLE4,TBX1,GTF2E2,THAP7,NCOR1,SIGIRR,DEK,HDAC1,HHEX,RPL7,PURA,H1FX,UBTF,YY1,ZNF207,MEF2C,TOP2A,HMGA1,ZMYM4,BRMS1,TAF11,CNOT7,MED15,MACF1,CTBP1,HOXB9,ZNF326,DDX3X,ZFP36L1,PCNA,THAP4,SCAND1,TARDBP,BOLA3,BAG1,PRKCB,PBX2,MYBL2,POLR2K,FAM200B,HCFC1,LMO2,LARP1,SNAPC5,HOXC9,JUND,SPI1,SCMH1,FEV
ETS2,HMGN1,SSB,TAF9,CCDC124,HNRNPDL,PIM1,POU3F2,MBD4,CARHSP1,TDG,NSD1,SSRP1,HNRNPAB,TBX1,BRCA1,CHD9,PHB,JADE1,SMYD3,DDB1,CEBPA,TOP1,MYBL2,SSBP3,HMGB2,MYB,PA2G4,LARP1B,TOP2A,SSBP4,STRA13,MPG,MLX,MYC,SPI1,SUB1,BOLA3,TCEAL8,COMMD7,MACF1,REXO4,ITGB2,NTRK1,HES6,EGR1,MEF2C,FEV,ID1,PRKCB,ETS2
SGK1,TFDP1,SMARCC1,TGS1,GTF2F2,CUL4A,PHF19,CNBP,MRPL28,CIR1,SMARCB1,KLF1,ZNF639,ARID3A,ELF2,DNAJC1,EDF1,DDIT3,HNRNPA1,GPBP1,IRAK1,TAF7,ATM,PHF20,TCF4,EID1,RAD21,LRRFIP1,UBB,BTG2,HMGN3,RPL7A,MTDH,PHB2,MAZ,ZNF431,TOP2A,ZC3HAV1,BAG1,MYBL2,LYAR,LARP1,RELN,FEV,PA2G4,NFE2,PHB,LHX1,PITX1,JUN,SGK1
TBX3,THAP7,LMO2,POLR2L,ZNF595,CDC5L,HMGXB3,CBFB,DEK,CGGBP1,DNMT1,BAG1,GATA1,ID2,STAT3,CNBP,TBX1,HMGN1,GTF3A,GTF2E2,SNAPC5,PITX1,NCOA4,PARP1,ID3,MEF2C,MXD4,STAT5A,HMGB1,TSC22D4,UBB,HMGB2,PIM1,GATA2,BRD7,CFLAR,HLTF,FEV,HIST1H1C,KIT,PRKCB,HES1,HNRNPA1,RPL7A,STRA13,LHX1,PHF19,ZNF428,TSC22D1,RUNX1,TBX3
DUSP9,HHEX,POU3F2,UBTF,TRIM33,CGGBP1,SCMH1,NCOA4,BAG1,NFYC,SUPT16H,PIN1,FOXO4,JARID2,LMO4,CHD3,HNRNPAB,CAMTA1,PHB2,PA2G4,KLF1,RELN,PHB,HIC2,PIM1,NFE2,PITX1,YBX3,MYC,SUB1,DRAP1,GADD45A,ZNF431,NPM1,PHF19,BOLA3,STAT5A,HES6,CITED4,CARHSP1,CREG1,MYBL2,HMGA1,RPL7,SNAPC5,TBPL1,SPI1,TCF4,TSC22D4,MYB,ZC3HAV1
SPI1,TDG,NONO,POLR2L,SCAND1,UBA52,YBX1,TRIM28,CENPA,HNRNPA1,TAF9,APEX1,TSC22D1,SNRPC,HMGB2,LHX1,THRAP3,PLEK,KLF1,SON,UBB,GTF2A2,TOP2A,RPL7,RPS27A,SSB,HNRNPK,ZC3H15,POLR2J,IQGAP1,LMO4,MYC,MTDH,EIF3K,TCEAL8,LMO2,FEV,ENO1,SMYD3,PA2G4,DNAJC1,MAD2L2,HIST1H1C,PHB,MLLT11,ITGB2,PRKCB,GATA2,CLU,PYCARD,SPI1
ELMSAN1,MAPK1,SFPQ,MED15,NPM1,ZC3H13,PHB,CITED2,COPS3,LMO4,PIM1,DRAP1,H1FX,TRAF4,CHRAC1,RFC1,PYCARD,TFAM,UBC,POLR2L,NUCKS1,SSB,PTTG1,TBPL1,TAF9,ID3,FUS,SUB1,BOLA3,ZC3H15,MYC,FEV,ARID5B,CLU,PA2G4,MEF2C,GATA1,POLR2K,LYAR,NR2F2,HHEX,NFE2,KLF1,GATA2,HMGN3,PITX1,TBX1,SMYD3,GADD45A,HIST1H1C,ELMSAN1
UBASH3B,BOLA3,HMGA1,SSB,TFDP2,MDM4,JADE1,HES6,ZNF518A,CREM,HP1BP3,UBB,TRIM33,YBX1,ARID3A,KDM1A,HMGB1,ZC3HAV1,RPL7,BTG2,HES1,ID1,NR2F2,SMARCC1,EZH2,FEN1,DNAJC2,PSMD10,MEF2C,SNAPC5,NCOA4,HNRNPAB,TCF4,PCBP2,MLXIP,PHB,PA2G4,CLU,PITX1,HIC2,NFE2,RPL7A,FEV,LMO2,PYCARD,RELN,KLF1,HNRNPA1,HIST1H1C,PIM1,SMYD3
PTPN12,PSMD12,ATM,MRPL28,CENPA,ZNF655,PSMC5,HES6,ID3,SSRP1,KDM1A,ZFP36L2,MIER1,PHF19,HIC2,HES1,UBE2N,DDB1,APEX1,HMGB2,PHB,TCF3,GLYR1,SMARCA5,ZNF207,HNRNPA1,PARP1,ID1,CLU,ZNF22,RELN,NONO,YBX1,TOP2A,PYCARD,ZFP36L1,TCF4,RPL36A,PIM1,POU3F2,HHEX,PITX1,SUB1,GATA1,SNAPC5,LMO2,NFE2,TBPL1,KLF1,SMYD3,HIST1H1C
FOXA1,CARHSP1,LHX1,TRIM27,SSB,HOXB4,ARID5B,RAD21,THRAP3,COMMD6,CITED4,ID1,HMGB2,FEV,TAX1BP1,SNAPC5,TBPL1,FUS,BPTF,NONO,CUX1,STAT5A,LMO4,PCBD1,RBCK1,GTF2A2,NFE2,KRAS,HMGN3,PITX1,TOP2A,SON,HLTF,PRKCB,CFLAR,POLR2J,GATA1,SCMH1,H1FX,HES6,RELN,HMGA1,MEF2C,MLXIP,LMO2,HES1,ARID3A,CLU,ID3,SMYD3,FOXA1
FOXA3,SSB,MAFG,PA2G4,DNMT1,SCOC,EDF1,YBX3,TGFB1,ARID5B,ZMAT3,ATF6B,ZC3H11A,PHF19,CREG1,HES1,UBA52,SUZ12,HNRNPA1,CARHSP1,HLTF,DEK,HMGB1,HMGN3,HMGA1,TCF25,SNAPC5,AES,GTF2A2,ENO1,GTF2I,KLF1,BTG2,TOP2A,MYC,ZNF518A,MTDH,H1FX,SCMH1,HMGB2,PHB,PRDM1,ZNF593,ID3,SMYD3,ARID3A,CLU,STAT5A,MLXIP,POLR2L,FOXA3
IGDCC3,HNRNPA3,HIST1H1C,ZC3HAV1,CHD3,PITX1,ZNF428,HMGN1,MYBL2,GADD45A,HES1,RPL7,NR2F2,BOLA3,RPS27A,NUCKS1,HNRNPD,STAT5A,CAMTA1,HNRNPA1,ZFP36L1,SNAPC5,DNMT1,TSC22D1,PIM1,MAX,HMGB1,ZNF385A,TFDP2,NFE2,GTF3A,RPL7A,LMO2,FEV,TGFB1,TCF4,GATA1,HMGB2,LMO4,MYB,ZNF22,SCMH1,GTF2I,CARHSP1,KLF1,HOXC13,NR6A1,SUB1,DNAJC1,HNRNPAB,BTG2
BCORL1,LYL1,PCBP1,TOP2B,AATF,SNAPC5,TFDP1,PRMT2,PARP1,SON,DNAJC1,TBPL1,EWSR1,GABPB1,MAX,MAD2L2,YBX3,TAX1BP1,TDG,POLR2L,PHB2,XPA,PITX1,MTDH,GTF2F2,RPL7,HES6,PHF19,ZMAT3,TERF2IP,CARHSP1,HMGN1,NUCKS1,EIF3K,YBX1,SSRP1,HNRNPA3,PTTG1,MEF2C,AES,UBB,ZNF431,HMGA1,HMGB2,CIB1,ID3,CREG1,MLLT11,TSC22D1,FEV,FOXL2
MEIS1,TFAM,TAF9,MACF1,TBX1,RPL7,YBX3,SIGIRR,GATA1,CHD4,TSC22D4,CAMTA1,HOXB9,TCF4,MAZ,RNASEH1,SFPQ,CIB1,SUMO1,NR2F6,CDC5L,DDX5,ZNF106,TDG,JUN,POLE4,ZC3H8,CENPA,AES,REXO4,PRKCB,SUB1,SCMH1,DEK,PHB,ZNF431,EDF1,POLR2J,CNBP,PYCARD,NPM1,STAT5A,PITX1,TCF25,TSC22D1,MYC,SNAPC5,FEV,MEIS1,RELN,SMYD3
GLB1L2,ZNF385A,SIGIRR,HDAC1,HNRNPA3,MLX,PQBP1,RELN,PYCARD,HMGA1,MYBL2,RBM26,TRIM33,SSBP3,LMO2,ATF4,ID2,USF2,RPL7A,TSC22D1,MTF2,HNRNPAB,GTF2I,GPBP1,PIN1,MYCBP,TCEAL8,SMARCA4,ZNF22,BRMS1,BTG2,MTPN,NUCKS1,GATA2,BPTF,ENO1,GADD45A,TRIM27,PHB,TCF4,SMC3,AES,SNRPC,PA2G4,CBFA2T3,NFE2,PITX1,HMGB1,HIST1H1C,TGFB1,CTNNB1
IKZF3,HP1BP3,BTG2,RFXANK,ID1,HNRNPK,CEBPZ,LHX1,RPS27A,SFPQ,AES,CEBPE,ID3,COMMD7,ARID3A,DEK,MYB,SUMO1,YBX1,TBPL1,NCOA4,GATA1,DNAJC2,HSF1,PA2G4,MAZ,TSC22D1,GATA2,MPG,CITED2,HIST1H1C,POLR2L,TSC22D4,HNRNPA3,ZNF706,PIM1,HLTF,TADA3,NFE2,NPM1,ENO1,MYC,SOX4,KLF1,SNAPC5,CARHSP1,HES1,YBX3,HMGN3,FEV,IKZF3
BAK1,RPL7A,DNMT1,GADD45A,CNBP,PHF19,HOXB6,GTF3A,ZC3H18,ITGB3BP,PTTG1,CARHSP1,MACF1,PCNA,HIST1H1C,SFPQ,DAXX,HNRNPA3,PSMC5,MRPL28,DDX3X,ZNF385A,PA2G4,FUBP1,THAP7,POLR2J,JUND,CREG1,SUMO1,EIF3K,MYC,RFXANK,RBBP7,DNAJC1,RBCK1,PARK7,NCOR1,BRD4,CHRAC1,IRF3,SSRP1,NPM1,SMARCA5,CAMTA1,DDB1,STAT5A,RFC1,TADA3,AATF,CXXC5,LHX1
FEV,HOXC9,RBBP7,HMGXB3,SNAPC5,CNOT7,UBE2N,RPS27A,NCOR1,CBFB,TAF9,ZMAT3,THAP7,HSBP1,UBC,SMYD3,SUPT5H,TSC22D1,UBB,TOP2B,PARK7,LMO2,DEK,NUCKS1,HES1,TADA3,ID1,KLF1,TSC22D4,YBX1,IRF3,HMGA1,TCF25,TDG,MAZ,PIM1,NPM1,MEF2C,PYCARD,HMGN1,NR6A1,TCEAL8,HES6,ZCCHC11,TGFB1,RPL7,STRA13,HHEX,MYB,HNRNPA1,FEV
MAP2K3,DRAP1,SPI1,USF2,SUPT16H,CHAMP1,PARP1,GTF2E2,ZC3H15,ZNF593,SMARCE1,PCNA,NCOR1,CLU,CUX1,SON,ID3,GTF3A,TCEAL8,PIM1,PRKCB,JARID2,THRAP3,H1FX,TADA3,NONO,GTF2I,MLXIP,AES,ENO1,NPM1,MYC,TBX1,HIST1H1C,HMGB2,LMO4,LMO2,TCF4,HNRNPA1,PA2G4,HMGN1,SMYD3,TOP2A,UBB,DNAJC2,PITX1,PHB,TSC22D1,SSB,PYCARD,GADD45A
SLC38A2,MPG,HNRNPA1,NPM1,NCOR1,CNBP,ARID3A,SMARCA4,KEAP1,HMGB2,TBPL1,FUS,DAP,PTTG1,GATA1,LMO2,SON,EWSR1,HNRNPAB,GTF3A,ENO1,CXXC5,DDX3X,LIN28B,DRAP1,CHD9,UBE2N,GPBP1,NFYC,SUZ12,CHD3,RUNX1,AATF,ZNF593,SUB1,ZFP36L2,CREG1,SMARCA5,CBL,THRAP3,HOXC9,RPL7A,SF3A2,USF2,PHF20,MXD4,DDB1,NSD1,TDG,FAM200B,HIST1H1C
SET,RUNX1,RPL7A,POU3F2,COMMD7,JARID2,SIGIRR,NR2F6,ZNF22,ARID5B,RELN,SMARCB1,ZC3H13,MTPN,MLLT11,TAF9,CXXC5,BBX,CTNNB1,HDAC2,DRAP1,FEV,PA2G4,ZNF593,HMGB1,RPS27A,UBB,TFDP2,ID3,MDM4,NUCKS1,LYL1,ZFP36L1,GTF2A2,HES1,PIM1,HES6,FAM200B,GATA1,GATA2,HIST1H1C,HOXB9,SUB1,PITX1,MEF2C,ZFP36L2,SMYD3,NR2F2,JADE1,PHF19,PRKCB
LHX1,MACF1,PCBD1,NPM1,TFAM,THRAP3,PARP1,TERF2IP,HMGN1,ZCCHC11,HNRNPAB,RPL7A,UBE2K,ELF1,PYCARD,MAFG,CLU,CTNNB1,HMGB3,LRRFIP1,KMT2C,TFDP2,MAPK1,FUS,MYB,HDAC3,TRIM28,TOP2A,PARK7,CHD4,CSDE1,LYAR,MAZ,YBX1,ADAR,POLR2K,COPS3,AES,PHF20,COMMD6,FEV,TCF3,PTTG1,GTF3A,YBX3,MED15,STRA13,DEK,FEN1,SMYD3,LHX1
TBX2,ZNF655,PHB,PCBP2,ARID3A,PA2G4,CHD4,GATA1,PHB2,LARP1,SPI1,HMGB1,MBD4,BOLA3,ZNF431,HHEX,TGFB1,RBBP7,NFATC3,HSBP1,HES1,PCBP1,POLR2L,SCMH1,CTNNB1,SMYD3,PITX1,HIST1H1C,TAX1BP1,NFE2,HMGA1,KLF1,CLU,TBX1,ENO1,SNAPC5,ZNF22,CITED2,STRA13,SUB1,CREG1,LYL1,KIT,PIM1,MIER1,GADD45A,GATA2,PRKCB,MEF2C,RUNX1,TBX2
SLC4A1,LARP1B,TAF9,COMMD7,MAD2L2,SIVA1,PARK7,BOLA3,PTTG1,MYCBP,HOXB4,RPL7A,DNAJC2,MPG,PIN1,ZNF326,GTF2A2,ITGB3BP,TOP2A,BATF3,RBCK1,TSC22D1,BANF1,CXXC5,MYBL2,ZNF330,DNAJC1,SON,ENO1,MYC,HMGB1,CLU,GTF3A,BAG1,HOXB6,SPI1,SSBP4,UBA52,GADD45A,HES1,MTDH,HOXB9,ZNF428,NR2F2,STRA13,SNAPC5,PYCARD,GATA2,MYB,LMO2,HIST1H1C
RREB1,UBB,CFLAR,SCMH1,THAP7,PYCARD,ZNF22,TCEAL8,FUS,TDG,ZNF428,MRPL28,ITGB3BP,EID1,ZNF593,CHD3,TERF2IP,CXXC5,JARID2,TAF11,BRD4,MEF2C,KEAP1,CEBPZ,BRMS1,AES,HOXC9,ARID3A,MLLT11,CHCHD3,HDAC2,GTF2I,PIN1,TAF9,NFE2,PCBP2,HMGN3,SGK1,MIER1,LYL1,SOX4,SMYD3,NCOA4,ZFP36L1,YBX1,PHF19,HIST1H1C,CARHSP1,PIM1,RREB1,FEV
ZNF318,ATRX,BTK,MAX,TOP2B,PA2G4,KCMF1,RBM6,LMO4,MTDH,TADA3,MYC,ENO1,HIST1H1C,KRAS,RFC1,PARP1,SNAPC5,TAF12,BUD31,RFXANK,CTCF,HOXC9,TAF10,HHEX,GADD45A,POLR2B,HNRNPD,PBX2,PIM1,MYB,HNRNPK,ZNF593,CARHSP1,E2F4,BTG2,PTTG1,UBB,TCEAL8,HIC2,SSBP3,JUND,ATF4,HMGA1,HMGB1,FEV,ZNF580,H1FX,JUN,ZNF318,KDM5B
MAPK1,TBPL1,HMGN1,ZRANB2,COMMD7,YBX1,CSDE1,RBCK1,SIGIRR,HOXB9,UBB,RPL7,CEBPA,LMO2,PYCARD,NCOA4,HMGB1,POLE4,TOP2A,MYB,TFDP2,HOXB2,ZNF595,HES6,TSC22D4,RELN,MACF1,ARID5B,CTNNB1,ZC3HAV1,NFYC,SUB1,TOP1,TBX1,DDB1,MYC,MYBL2,HIC2,ITGB2,ZNF639,PA2G4,HMGB2,MAX,BOLA3,NTRK1,FEV,MEF2C,PRKCB,ID1,ETS2,MAPK1
COL2A1,MPG,CTNNB1,ID3,MYBL2,DRAP1,RPS27A,ATF3,JADE1,SUB1,NR6A1,HOXB2,HOXB4,YBX3,CHD4,SMARCA5,UBC,STRA13,GATA1,LYL1,USF2,STAT5A,YBX1,MTDH,HIC2,POLR2L,DDB1,MYB,PHB,EDF1,KIT,SMARCE1,HES6,FEV,EGR1,NPM1,HDAC2,BBX,ENO1,HMGA1,TGFB1,EIF3K,BOLA3,HOXB9,ATF4,PHF19,UBB,PRKCB,HIST1H1C,PITX1,NR2F2
ZBTB25,SMYD3,UBN1,SNAPC5,LRRFIP1,CREG1,PYCARD,HSBP1,HMGN1,CIZ1,GPBP1,SCAND1,MDM4,MAFG,MYBL2,MAVS,RFXANK,DNAJC2,UBA52,SNRPC,PIM1,XPA,HIRA,SIVA1,TRIM33,ABL1,DDB1,APEX1,CARHSP1,TCF4,HMGA1,SIGIRR,SON,RELN,MEF2C,BRD7,PCBD1,RPS27A,BPTF,HIC2,MYC,ZBTB1,RPL7A,NFE2,KLF1,PITX1,PRKCB,HES6,HIST1H1C,FEV,PHF19
MAP4K5,MED15,SPI1,EDF1,HOXB4,TBX1,MAX,GADD45A,ZNF511,ATF6B,NONO,SNW1,DNAJC21,COMMD6,APEX1,MACF1,SNRPC,ID1,CHAMP1,RBBP7,LRRFIP2,H1FX,ITGB3BP,UBE2N,HES1,SLC39A10,ZNF518A,RBPJ,SUMO1,DDX5,YEATS4,ZNF593,ZNF639,LARP7,TSC22D4,SUPT16H,NABP2,NCOR1,ZC3HAV1,UBB,KLF1,REPIN1,DDB1,CARHSP1,TCF4,PRKCB,EID1,HES6,CHD4,GTF2A2,UBA52
SLC6A9,TRIM28,ZNF431,DHX36,POLR2B,HHEX,PCNA,HMGB2,MBD3,FUS,UBC,RPS27A,ARID3A,DEK,LHX1,DRAP1,PSMC5,PA2G4,KLF1,HIST1H1C,BBX,TFDP2,SUMO1,ID1,APEX1,PARK7,CFLAR,GABPB1,SNAPC5,ZFP36L1,MAD2L2,PBX2,YBX3,LYAR,YBX1,PHB,PCBD1,SUB1,JUND,RBCK1,HSPA1A,ZNF385A,ZNF22,ENO1,MYC,LMO2,POLR2L,GATA1,UBB,LYL1,EGR1
MIDN,ZNF639,ZC3H15,BCLAF1,HDAC3,LYL1,RPL7,THYN1,CREM,RBM26,RBBP7,SF3A3,RBM6,TCF25,ITGB3BP,PSMD10,HOXC13,TGFB1,TAF7,SUZ12,ZNF385A,NUCKS1,SUPT4H1,CIZ1,EIF3K,STRA13,ZNF593,DNMT1,POLR2A,UBE2K,MYCBP,DEK,ZNF655,POLR2L,ENO1,MBNL1,RPS27A,PRMT2,DAXX,H1FX,PBX2,ATM,GATA2,TBX1,MYC,SMYD3,AES,PIM1,PA2G4,HES1,ID2
OSR2,THRAP3,RPS27A,DDB1,ZNF428,GATA2,TOP1,FUS,CREG1,LYL1,TERF2IP,CHD3,TCEAL8,RFC1,YBX1,PCBP2,SUPT5H,ID1,RPL7,CLU,NCOA4,RBM26,SUB1,PYCARD,ENO1,GADD45A,ITGB2,JUN,CTNNB1,HIST1H1C,KLF1,TBPL1,DEK,PARP1,MYBL2,BATF3,RPL7A,RUNX1,ATM,LMO4,GTF2A2,RELN,ABL1,HNRNPA1,ID3,LMO2,SMYD3,PITX1,HMGA1,PIM1,OSR2
DLX2,SUPT4H1,TFAM,ATRX,HMGN1,ZC3H15,MLLT10,HHEX,STAT5A,SSB,HNRNPU,GADD45A,PARK7,DDB1,RREB1,PTTG1,UBA52,ZFP36L2,RPA2,DDIT3,RUNX1,APEX1,PFDN1,SSBP4,CUX1,GATA2,CLU,MTDH,ZNF385A,TCF4,TCEAL8,SMARCA4,PCBD1,HIST1H1C,SOX4,COMMD6,LMO4,BPTF,TOP2A,SMYD3,ZFP36L1,EZH2,PITX1,MYB,HNRNPA1,PHF19,LIN28B,MEF2C,BATF3,BTG2,DLX2
CBFA2T3,FARSA,SUMO1,ZC3H15,TOP2B,GPATCH8,YBX1,CHAMP1,TFAM,DNMT1,PSMD10,MED15,SUB1,HNRNPA1,COMMD6,PABPN1,RBM26,NONO,IQGAP1,NR2F2,PRKCB,HMGN3,PBX2,TAF12,HHEX,LMO2,UBTF,MKRN1,MACF1,GATA1,STAT5A,PCBD1,SMARCA4,PHB,AES,HSBP1,BOLA3,CEBPA,PYCARD,LMO4,PARP1,GATA2,PIM1,PA2G4,HIST1H1C,RELN,PHF19,GADD45A,SMYD3,CBFA2T3,PITX1
HES7,ZNF428,ZNF431,DDRGK1,CENPA,NFE2,TAF9,ARID5B,PARK7,HSBP1,PIN1,HSPA1A,NTRK1,C1D,TAF12,EIF2AK4,CNOT7,MBD4,HMGN1,MYCBP,NPM1,FUS,PBX2,PCBD1,CIZ1,POLR2L,NSD1,DNAJC2,ITGB3BP,PHB,RBBP7,FEN1,UBE2K,BANF1,EZH2,PITX1,RPL7,SCAND1,GTF2I,PQBP1,TCF3,PHF20,E2F4,HNRNPDL,DDB1,HDAC2,MTF2,ZNF580,HIRA,MYC,HES7
FOXL2,EDF1,DEK,UBC,ZNF428,KDM1A,DNAJC2,HNRNPK,POLR2J,HOXC9,COMMD7,ID1,NONO,PRMT2,CHD7,TOP1,RPS27A,SLC39A10,LMO2,SMARCD1,CITED2,MYC,TFDP2,THRAP3,ZFP36L2,TCF4,ZMAT3,PCBP2,HIST1H1C,CREG1,LYAR,SNAPC5,STAT5A,TOP2A,TAF9,PA2G4,DDX5,ZFP36L1,MTDH,ZNF431,YBX3,MACF1,HES6,ID3,HMGA1,PURA,PYCARD,BPTF,FEV,TSC22D1,FOXL2
AHR,HES1,POLR2E,JUND,ATF4,DNAJC1,SPI1,BTK,ZMAT2,LARP1,KMT2A,FEV,UBB,CEBPA,SMARCB1,H1FX,ZNF451,NFE2L2,PHB2,HNRNPA1,ITGB3BP,ID3,CITED2,MPG,GATA1,PBX2,NCOA4,PYCARD,HMGN1,TGFB1,GTF3A,IRF1,MYC,DRAP1,PHF19,HOXB9,SIVA1,HIST1H1C,HMGB1,PITX1,NR2F2,POLR2L,HMGA1,YBX1,RGS6,NFE2,BTG2,TCF4,MYBL2,KIT,AHR
FOXO4,SUPT16H,ZNF580,CGGBP1,RPS27A,ZNF595,EID1,MAFG,ELF2,TBPL1,LARP1,SOX4,DAXX,EDF1,ABL1,LMO4,ESRRA,ZC3H15,KRAS,ZNF511,UBE2K,MXD4,DEK,HMGN1,MDM4,DNMT1,NPM1,ZRANB2,GATA2,MEF2C,DHX36,GATA1,EIF3K,BTG2,SCMH1,PITX1,PA2G4,MED15,GPBP1,GTF3A,PTTG1,MTDH,ZNF431,TOP2A,PHF19,CIB1,LYL1,GTF2I,HNRNPA1,RPL7A,FOXO4
RHOXF2BB,ZC3H11A,ARID4B,HHEX,ZNF787,FUS,XPA,GATA1,BDP1,HES6,KMT2C,MBNL1,SUZ12,CARHSP1,LARP1,HNRNPAB,CITED2,COMMD6,PARP1,JARID2,SGK1,RPL7,SNAPC5,PCNA,SIVA1,SNRPC,NFE2,ZNF518A,BANF1,NFE2L2,ZC3HAV1,HMGB1,RHOXF2BB,HES1,H1FX,ID1,PA2G4,DEK,ZNF22,HMGA1,TOP2A,MYBL2,YBX1,GADD45A,SUB1,HSPA1A,NPM1,ZFP36L1,BTG2,HIST1H1C,TCF4
S1PR2,LIN28B,SSBP3,SMUG1,LHX1,NUCKS1,POLR2L,SON,MTDH,ID2,NR6A1,EZH2,HMGA1,PHB2,MEF2C,PSMD10,RPL36A,CSDE1,FUS,PYCARD,HNRNPA1,HMGB1,SUB1,UBA52,ENO1,TSN,CHD3,HHEX,ZNF595,HOXC13,TCF4,BPTF,PCBD1,TOP2A,SFPQ,PHF19,MYB,TADA3,ZNF706,TAL2,CLU,SPI1,SP6,PIM1,CHD4,HES7,HES6,HES1,ID3,NFE2,LYL1
POU3F2,SNAPC5,HIC2,ZNF580,ZC3H15,SMARCE1,TAF11,DPF2,MRPL28,TCEAL8,PRMT2,CEBPZ,NCOR1,FEV,PA2G4,SIVA1,SSB,KRAS,ELF1,CUL1,HMGA1,GTF3A,SF3A3,BRD9,MSH6,PYCARD,ZNF706,TOP2B,GATA1,SUB1,STAT5A,RPL7,BCLAF1,ZNF639,LMO4,FAM200B,HES6,DDX5,PHB,SNRPC,CHCHD3,SUPT4H1,HMGB1,EDF1,UBC,NPM1,CNBP,YBX1,LYAR,SMYD3,POU3F2
LYL1,PARP1,RAD21,TRIM33,PA2G4,APEX1,HSBP1,SSRP1,UBC,SNRPC,SMYD3,TSC22D4,JARID2,DDB1,CIR1,ZNF451,ZCCHC11,HMGN1,HMGB1,BANF1,IRAK1,PSMD12,DEK,FARSA,NFE2,TAF7,TRAF4,RBCK1,GADD45A,RNF114,PSMC5,TAF9,BOLA3,GPBP1,ZNF706,STRA13,HIC2,NPM1,NUCKS1,LMO4,SON,UBB,SUB1,RPS27A,HIST1H1C,UBA52,RPL7,PCBD1,HMGA1,YBX1,LYL1
IER5L,MTDH,SCMH1,SIVA1,USF2,POLR2L,HIST1H1C,FAM200B,PCBP2,CUX1,DNMT1,HNRNPD,GTF2I,COMMD7,PABPN1,TRIM33,TCF4,SMARCC1,TRIM38,SSBP3,MEF2C,DNAJC2,HNRNPA1,H1FX,CEBPE,TSC22D4,SF3A3,TOP2A,ZNF431,MYBL2,CHD3,PHF19,MLXIP,KLF1,NPM1,HIC2,PHB,BTG2,PRMT2,PA2G4,ZC3HAV1,HMGB1,REXO4,NCOA4,PITX1,HES1,TSC22D1,CARHSP1,ENO1,RELN,YBX3
CNN1,CCDC124,TDG,CEBPZ,PURA,SIGIRR,AES,MYB,TOP2A,UBE2N,JADE1,TADA3,HES6,MAX,NFE2L2,AATF,ZNF595,MTPN,ID1,MLLT11,LARP1,ARID5B,RUNX1,SNAPC5,GTF2A2,HES1,CAMTA1,MEF2C,MXD4,HIC2,DEK,MYBL2,PRKCB,MDM4,ZC3HAV1,ZNF431,CITED4,JARID2,DNAJC1,KLF1,TCF4,HNRNPA1,HHEX,HNRNPAB,PIM1,LMO2,PITX1,SPI1,SMYD3,FEV,ZFP36L1
CELF2,ZNF318,CHRAC1,COMMD6,REXO4,FARSA,NFE2,TAF9,AES,GADD45A,HMGB3,NPM1,SNRPC,KCMF1,THRAP3,ZFR,HHEX,NSD1,IRF1,SUB1,CITED2,ZC3H15,HMGB1,CEBPZ,HMGA1,NFIC,SPI1,HNRNPDL,NUCKS1,PIN1,IQGAP1,NCOR1,PYCARD,MTDH,RFXANK,UBA52,LMO4,PHB,PLEK,ID3,CLU,CEBPE,PITX1,DDX3X,HIST1H1C,RUNX1,YBX1,ID1,BATF3,CEBPA,PHF19
JUN,MACF1,BPTF,ZFR,KDM1A,SSBP4,POLE3,MAPK1,GTF2E2,SUB1,LYL1,HP1BP3,NR2F6,ZNF706,RELN,MLX,HMG20B,XPA,MYC,TCF3,HMGB2,MAD2L2,UBB,JUNB,HMGN1,MAZ,PIM1,HOXC9,HMGN3,SFPQ,DDIT3,ZNF593,DRAP1,SMARCD1,POLE4,TRIM38,HEY2,EGR1,GTF2I,SIVA1,SNAPC5,MYBL2,NPM1,NR6A1,PYCARD,ZC3H15,PHB,TOP2A,KMT2A,BTG2,JUN
CEBPA,IKZF3,CENPA,EIF2AK4,BANF1,PABPN1,ESRRA,EIF3K,LMO2,LIN28B,ZFP36L1,RNASEH1,UBB,ARID1A,TARDBP,HNRNPA1,C1D,EID1,PCBP2,JARID2,CCDC124,ID3,BRCA1,PARK7,GTF2A2,STRA13,CLU,HOXC9,MYC,YBX1,CGGBP1,CIZ1,HIRA,CHCHD3,POLR2A,SON,ID1,RPS27A,STAT5A,CREG1,SUB1,PRKCB,SPI1,RUNX1,ITGB2,COMMD6,PYCARD,CEBPA,LMO4,CEBPE,PLEK
MAP4K3,DAP,TAF11,HNRNPD,NFE2L2,PABPN1,RBCK1,TRIM33,PRMT2,HIST1H1C,FOXL2,PCBP1,TCF3,PQBP1,MAZ,SNW1,SON,SSB,AES,NFIC,HLTF,RAD21,EIF3K,CHD1,CNBP,MYB,MED15,YEATS4,PARK7,SCAND1,HIC2,HNRNPA1,ARID1A,HMGB1,ZKSCAN1,DRAP1,CTBP1,MLX,MTF2,HMGB3,POLR2L,HMGB2,NFATC3,NUCKS1,MYBL2,ITGB3BP,SIGIRR,C1D,HES6,HDAC2,TCF4
ZC3HAV1,MYC,SUZ12,TSN,PDCD7,PYCARD,ZC3H8,POLR2E,ZNF106,BRMS1,ATF6B,DDX3X,ZMYM4,RPL7A,TADA3,CAMTA1,TSC22D1,THRAP3,AES,TDG,SNAPC5,SSBP4,STRA13,PITX1,HNRNPA3,SON,HMGB2,TCF3,HDAC1,SCAND1,HNRNPA1,TFDP2,CIB1,CEBPZ,RPL7,GTF2E2,H1FX,CIR1,HNRNPU,ZNF639,YBX1,LYAR,DDB1,PCBP2,POLR2L,RELN,ZNF428,HMGN3,HMGN1,HIST1H1C,ZC3HAV1
CDKN1A,ZNF580,ZFP36L1,COMMD6,JARID2,FEN1,CNBP,H1FX,HOXB4,RPL7A,SMARCA5,MTDH,PYCARD,TCF4,CAMTA1,POLR2E,DDX3X,TCF25,JUNB,BRCA1,CIB1,SSB,CTCF,TAF9,DNAJC1,BANF1,HMGN3,POLR2L,HNRNPU,ITGB3BP,FUS,ATRX,UBN1,DDIT3,HOXC9,HMGN1,LMO2,DAXX,CREM,HES1,PITX1,CLU,PHF19,TOP2A,DRAP1,TBX1,MPG,HMGB1,BOLA3,NCOR1,CDKN1A
UBASH3A,MAVS,SFPQ,KEAP1,SSBP3,BRCA1,HNRNPA3,UBC,SMARCA5,PSMC5,ADAR,TCEAL8,ZC3H8,BAG1,RUNX1,TGS1,HNRNPA1,UBA52,HIRA,TBX1,NFKBIA,HCFC1,HOXC13,HDAC1,RNF114,HSF1,CREG1,GTF2F2,LARP1,NR6A1,PFDN1,MAD2L2,ZRANB2,CFLAR,THRAP3,DNMT1,ZNF326,SMYD3,SLC39A10,DDX5,ZCCHC11,TOP1,RPS27A,SNW1,GTF2I,BTG2,ZNF451,TFAM,PHB,RPL7A,HMGB2
PRTG,GTF3A,HMGB1,MAX,SNAPC5,TRIM33,SPI1,HMGA1,ENO1,HNRNPK,GATA2,GTF2I,CGGBP1,MEF2C,TFDP2,HMGN1,ZNF511,YBX1,HES1,HMGB2,COPS3,JUNB,SNRPC,SMYD3,TCEAL8,ZNF22,TGFB1,BOLA3,ID1,REPIN1,ARID3A,NR2F2,SCMH1,NFE2,LMO2,PIM1,STAT5A,HOXC13,CARHSP1,TCF4,MYB,SUB1,TSC22D1,ZC3HAV1,NR6A1,HIST1H1C,GATA1,LMO4,DNAJC1,BTG2,KLF1
PTPN1,YBX1,UBE2N,DNAJC2,SMARCA5,PITX1,NR2F2,MTDH,RPL36A,HMGB2,ZNF22,TBPL1,KDM1A,TOP2A,CHD4,HES1,PTTG1,MAVS,CITED4,HES6,FEV,ARID3A,HNRNPA1,RPL7A,PIM1,JARID2,ZC3HAV1,PA2G4,CLU,NCOA4,HNRNPAB,TRIM33,HOXC9,SUB1,ID1,HHEX,PHF19,PYCARD,YBX3,HIC2,LYL1,SNAPC5,PHB,GATA1,NFE2,TCF4,ZFP36L1,SMYD3,TAL2,HIST1H1C,KLF1
TP73,SUPT5H,CENPA,HMGB1,PSMD11,SUB1,CLU,GTF2F2,ZC3H18,CARHSP1,COMMD6,BBX,TSC22D4,TCF4,MYB,POLE4,ARID4B,ZNF431,RPL7A,TRIM38,ZNF385A,APEX1,TFDP1,ZNF593,HMGA1,ID2,DEK,HMGB2,NCOA4,LYAR,HNRNPA1,KLF1,ENO1,SNRPC,GADD45A,HSBP1,AES,TRAF4,HMGN1,PHF19,PYCARD,CREG1,HNRNPAB,ZNF451,TP73,TCEAL8,PIM1,TGFB1,POLR2L,BTG2,CDKN1A
MAP7D1,GTF2I,PARP1,THYN1,TERF2IP,SSB,PCBP2,RBM26,HIRA,HHEX,ZNF428,TCF3,POLR2E,TCF25,HMG20B,TCEAL8,OTULIN,MYB,YY1,CITED2,PITX1,TRIM33,LRRFIP1,BOLA3,PA2G4,TBX1,NFKBIA,MEF2C,PHB2,HNRNPA3,EIF3K,SCOC,HMGA1,RELN,PIM1,MKRN1,PHB,HIC2,LARP1,SFPQ,ENO1,HIST1H1C,CEBPZ,APEX1,DDB1,DNAJC1,PSMC5,MRPL28,NPM1,HNRNPU,UBB
FOSB,PHB2,PCBP2,PHB,CREG1,CARHSP1,RREB1,GPBP1,POLR2J,SSB,HOXB9,ARID3A,MYCBP,JARID2,FARSA,MAFG,RPA2,HMGB1,SUZ12,ZRANB2,MLLT11,SUMO1,GTF3A,CEBPE,YBX1,MEF2C,LMO2,HMGN3,MAX,PA2G4,ZNF428,TAX1BP1,NPM1,GTF2A2,FOSB,CITED2,ID3,ZNF706,CLU,PLEK,ITGB2,PITX1,SPI1,MYB,HHEX,RUNX1,CEBPA,PYCARD,CEBPB,ID1,LMO4
C19orf26,HSBP1,TOP2A,PQBP1,HMGA1,SIVA1,PCBD1,YBX1,MAFG,PBX2,HMGB1,ZNF326,PHB,GATA2,TGFB1,SON,LRRFIP2,HNRNPAB,HNRNPK,CARHSP1,SGK1,GTF3A,HOXB2,NPM1,MYBL2,C1D,NUCKS1,PHB2,SNAPC5,KMT2C,MAX,TRIM33,H1FX,ZNF385A,ZC3HAV1,RELN,TSC22D1,PRKCB,HNRNPDL,CREG1,ZNF431,MYC,PRMT2,SCMH1,LMO2,POLR2L,HES6,FEV,SPI1,STAT5A,TCF4
IRF1,GATA2,PTTG1,NONO,HHEX,HOXB6,OTULIN,SF3A3,EDF1,TSN,NFYC,HMGXB4,MTPN,RNASEH1,MAFG,MAD2L2,JARID2,PARK7,BPTF,EIF3K,SOX4,COMMD6,KLF1,ELF1,SUB1,DNAJC1,HSBP1,NTRK1,CBFA2T3,POLR2L,BUD31,PHB,STAT3,MYC,CEBPE,KDM1A,GADD45A,RELN,LMO2,PHF19,GATA1,BOLA3,SSBP3,PITX1,YBX1,NFE2,HES6,AES,HMGN1,IRF1,YBX3
TMSB4X,EGR1,TFDP2,CUX1,ZNF207,CNBP,KMT2C,HES1,THRAP3,ZNF106,POLR2K,CHRAC1,TAF1A,GTF3A,NFATC3,MAVS,EIF2AK4,SMYD3,POLR2A,MAPK1,UBN1,COMMD6,CFLAR,ZFP36L2,TBPL1,TGFB1,TRIM28,HMGN1,PDCD7,FUS,ZC3H13,BRD7,ARID3A,HMGXB3,POLR2L,ATM,ZFP36L1,POLR2E,MTPN,ZC3H15,PHF19,ZNF580,TCF3,TOP2A,DDRGK1,NR2F2,HNRNPA1,POLR2J,ENO1,CEBPB,HIST1H1C
BPGM,NUCKS1,RPL36A,TGFB1,RPL7,HMGN1,ARID5B,GLYR1,MAVS,CAMTA1,MYB,HOXB6,MEF2C,RPS27A,HHEX,PCNA,ZC3H15,RPL7A,HOXB9,ZNF428,TOP2A,PITX1,SSB,ID1,CHD9,HIRA,SIVA1,ZFP36L2,MAX,ARID3A,POLR2L,SMYD3,TCF4,SUB1,SMARCC1,SON,HMGB2,PIM1,NR2F2,DNAJC1,USF2,HMGB1,HNRNPA1,HES1,GATA1,STAT5A,NFE2,HIC2,MLLT11,KLF1,HIST1H1C
SAMD1,HMGB1,DNAJC1,PCBD1,MTDH,TRIM33,MDM4,BPTF,ID2,PYCARD,DNAJC21,GLYR1,CREG1,DDB1,HNRNPU,CHD3,ZNF330,SON,PIN1,APEX1,ENO1,TSC22D1,ZNF431,TCF4,NCOA4,TGFB1,PCBP1,LYL1,FARSA,PBX2,HMGN1,JARID2,COMMD6,LHX1,HNRNPAB,MAD2L2,HES6,TOP2A,HMGN3,KLF1,STRA13,SNAPC5,ZFP36L1,PHF19,HHEX,HMGA1,CARHSP1,CHD7,YBX1,CHD4,TRIM38
HOXB9,DRAP1,HMGB1,SF3A3,REPIN1,SNRPC,HP1BP3,TAX1BP1,NONO,MACF1,PBX2,UBB,PCBD1,MEIS1,TAF12,ATM,RPA2,RPL7A,ZNF593,ZC3H15,CREG1,ARID3A,ENO1,STAT5A,CEBPB,FEN1,BOLA3,SNAPC5,MTDH,BRCA1,LMO2,TRIM28,DNAJC1,ZNF22,MLLT11,SMYD3,GTF2I,PHB,HOXB2,MYC,PA2G4,HMGN3,CBFA2T3,TSC22D1,GTF3A,HMGA1,YBX1,PYCARD,PITX1,HES1,HOXB9
HOXC13,THRAP3,MACF1,MAD2L2,RPL7A,RPS27A,SMARCB1,ZNF207,MTF2,CAMTA1,PRKCB,HMGA1,JARID2,SUZ12,RPL7,DDIT3,ZNF518A,SMYD3,PHF19,CCDC124,TDG,HMGB1,TRIM38,LYAR,HNRNPD,IQGAP1,TAF10,SNAPC5,STAT5A,GTF3A,GTF2I,BRCA1,BTG2,TSC22D1,TOP2A,ID3,MYC,BPTF,PA2G4,FEV,PHB,SUB1,PITX1,CBL,YBX1,ZNF22,ZNF431,MYBL2,PBX2,HOXC13,PYCARD
CKS1B,CNBP,SUB1,ARID4B,HMGB2,MTPN,BATF3,GADD45A,ZNF595,HMG20B,UBA52,PYCARD,YBX1,DNMT1,TCEAL8,USF2,LHX1,DNAJC2,ZRANB2,RPS27A,PCBP2,SNAPC5,TCF4,PHB,HP1BP3,CENPA,NFE2,PTTG1,POLR2L,NCOA4,CARHSP1,RELN,LARP1B,SMYD3,SNRPC,BOLA3,APEX1,HNRNPAB,POLR2E,ZC3HAV1,ZNF428,PA2G4,HES6,ZMAT3,KLF1,HNRNPA1,MEF2C,MTDH,ZFP36L2,JARID2,HIST1H1C
CLDN6,ATRX,ZKSCAN1,STRA13,ID3,NFE2,TGS1,PRMT2,HES1,HIC2,MTDH,MRPL28,SIGIRR,SCMH1,MAX,HOXB9,LMO2,ARID5B,PHF19,MYBL2,NUCKS1,ZNF431,BBX,HMGB1,IQGAP1,LMO4,CAMTA1,BOLA3,RFXANK,PARP1,DRAP1,CREM,CITED4,HES6,HMGB2,STAT5A,MYB,PRKCB,TCF4,BTG2,DNAJC1,SNAPC5,SOX4,KLF1,ZC3HAV1,ARID3A,SUB1,GADD45A,PITX1,FEV,HMGN3
KIF18B,NFE2L2,CBFB,RPS27A,ELF2,UBTF,SUZ12,DPF2,ZNF428,DDRGK1,RNF114,ISL2,HOXC9,CEBPB,TAF9,HMGN1,HLTF,ZFR,BBX,HMGA1,YY1,ATRX,COMMD7,NFATC3,STAT3,DAXX,COMMD6,CITED2,DDB1,GATAD2A,TCEAL8,SLC39A10,PITX1,GABPB1,BRMS1,PFDN1,EWSR1,HIRA,POLE3,CSDE1,BOLA3,SOX4,RBM26,ATF4,IQGAP1,PA2G4,UBA52,NPM1,SUB1,HIST1H1C,CREG1
KIF2C,NCOR1,CLU,TRIM28,TRIM33,UBB,ZC3H8,TCF25,HOXB2,HSBP1,CBFA2T3,CGGBP1,CEBPB,PRDX3,POLR2J,SSB,HES6,UBN1,CHD7,KLF1,GLYR1,ZMYM4,MSH6,PSMD12,TDG,CITED2,HCFC1,CBFB,HNRNPA1,MBD3,MRPL28,NPM1,NR6A1,CCDC124,TSC22D4,ZC3H15,CSDE1,MTF2,ZFP36L1,PITX1,TBX1,YY1,PCNA,HMGB1,CARHSP1,PRMT2,PCBP2,DPF2,HDAC3,SNAPC5,HIST1H1C
BCL2L11,GATAD2A,TAF9,ZC3H15,ZCCHC11,ATM,MLLT11,HOXC9,SIVA1,HSBP1,ZFR,GTF2A2,TCF4,HNRNPK,XPA,BCLAF1,IQGAP1,EIF3K,KMT2A,TRIM27,ENO1,COMMD6,BOLA3,CUX1,ZNF706,NR6A1,PFDN1,HMGN1,BBX,NFE2L2,NFIC,ZNF207,CNOT7,MKRN1,POLR2J,MPG,RBM6,BRD4,ELF2,HNRNPD,TRIM28,MAZ,RBBP7,CSDE1,DHX36,TRIM33,PCBD1,GLYR1,LYAR,USF2,SMYD3
COL1A1,PIN1,RFC1,THAP4,PSMC5,HMGB2,PHB2,ARID4B,UBA52,SF3A2,BOLA3,MAD2L2,HNRNPAB,C1D,CGGBP1,CREG1,PHF19,ELF1,PQBP1,APEX1,ZFR,UBE2N,NPM1,BAG1,REXO4,DDRGK1,LMO2,SMYD3,ZNF706,HNRNPA1,MKRN1,BRCA1,HOXB9,MYC,PYCARD,CHD3,TSC22D3,UBB,POLR2E,EIF3K,DDIT3,LMO4,POLR2L,LYL1,DRAP1,EDF1,PITX1,STRA13,ATF4,PIM1,HIST1H1C
CEBPB,CTBP1,SPI1,ZC3H13,PARP1,IRF1,TCF4,GTF2A2,UBA52,EGR1,ARID3A,KRAS,COMMD6,TAX1BP1,TRIM38,ZNF330,CLU,GTF2F1,RPS27A,RUNX1,ID2,PRDM1,TDG,HNRNPD,POLE3,RPL7,CGGBP1,LMO2,TRIM27,HNRNPA1,BCLAF1,HDAC1,NPM1,STAT3,CREG1,MYB,HMGN1,HHEX,PA2G4,CITED2,THYN1,PITX1,CEBPB,YBX1,TCEAL8,ITGB2,PLEK,PYCARD,LMO4,ID1,ID3
FOXF1,THYN1,HMGB2,PITX1,MAFG,PYCARD,SIVA1,PARK7,SOX4,BTG2,PCBP2,DNAJC21,HNRNPAB,PABPN1,DEK,PCBD1,YBX1,MRPL28,MPG,SCOC,EDF1,LARP7,RPL36A,UBA52,UBE2N,NFE2,SLC39A10,CSDE1,EID1,ZNF706,KDM5B,GPATCH8,CUX1,HES6,TSC22D1,TAX1BP1,HMGN3,MLXIP,SCMH1,RPL7,H1FX,PHF19,MYC,RPL7A,FEV,BPTF,PIM1,STAT5A,YBX3,SMYD3,FOXF1
ZBTB1,ZNF787,MTDH,HMGA1,HP1BP3,HOXB4,COMMD7,ID1,SSBP4,HMGB1,HIST1H1C,PITX1,UBTF,CXXC5,BAG1,SMYD3,PYCARD,YBX3,PHB,POLR2K,PCBD1,PA2G4,NCOA4,ARID3A,HMGB2,SPI1,GATA2,HES6,GATA1,ENO1,ZNF593,MYB,TBX1,NPM1,KLF1,YBX1,NFE2,MYC,ID2,SNAPC5,PHF19,STAT5A,RELN,TGFB1,STRA13,PRMT2,POLR2L,LYL1,MAZ,FEV,HES1
PLK4,ZC3H18,DNMT1,CHD3,APEX1,HSPA1A,LYAR,RPL7,SOX4,OTULIN,PSMD12,COMMD7,TRIM33,PITX1,H1FX,CIZ1,CEBPZ,PA2G4,POU3F2,UBN1,RPL7A,JADE1,BTK,TBX1,DDIT3,CBFB,MAD2L2,HOXB4,JUND,CDC5L,HMGB1,PSMD11,TAX1BP1,CAMTA1,ZNF655,ATM,FUBP1,KMT2A,DR1,SCAND1,ESRRA,DDB1,KCMF1,ITGB3BP,MYCBP,RBM26,TOP2B,TCF25,ENO1,POLE4,ZNF595
ARRDC3,SIGIRR,LMO4,KDM1A,DEK,COMMD6,POLR2A,APEX1,NFYC,HES6,CXXC5,BBX,MLXIP,TAF7,PA2G4,HNRNPAB,RBCK1,MXD4,TOP2A,MBD3,PRKCB,SSBP3,HNRNPA1,HSPA1A,CHD4,IRF3,GLYR1,RBM6,GTF2I,SON,GTF3A,ZMAT2,ZEB1,MACF1,TAF9,BANF1,HIC2,ATF4,NCOA4,NFE2L2,RPL7,CARHSP1,STAT3,ATF6B,GATA2,CEBPZ,MKRN1,USF2,PCBP2,HOXC9,HIST1H1C
C3orf72,PA2G4,POLR2J,HOXB9,TRIM28,TAF9,RREB1,SNRPC,ZNF330,REPIN1,BRD9,ZMAT2,HES6,SON,ZNF22,TOP2A,PARK7,SIVA1,TAX1BP1,HMGB2,GTF3A,PHB,PIM1,ZNF431,NR2F2,SNAPC5,PBX2,CHD1,ARID4B,FUS,HNRNPK,GATAD2A,CNBP,AES,PCBD1,POLE3,PHF19,PRMT2,BRD7,RFXANK,SCMH1,PURA,YBX3,HMGN3,HMGA1,CITED2,STAT5A,FEV,ID3,FOXL2,TSC22D1
KIAA1804,MYBL2,DNAJC2,AATF,TRIM27,PBX2,MYC,FOXO4,MTPN,GATA2,HMGB1,DHX36,HSBP1,ID1,FEV,MEF2C,SNRPC,PHB,TOP2A,RPL7A,PSMD10,TAF11,CUX1,SUPT4H1,NR6A1,ZNF428,POLR2J,ATF6B,BPTF,COMMD7,STAT5A,RUNX1,HCFC1,PCBP1,HDAC1,SNAPC5,SSRP1,PITX1,MTDH,YEATS4,CLU,LMO2,ID3,SCAND1,HMGA1,YBX1,SOX4,JUND,HIRA,JUN,PYCARD
HNF4A,PARK7,CFLAR,ZNF706,ZC3H8,TRIM38,ZNF428,PABPN1,EZH2,PSMD11,CCDC124,TOP1,ZNF131,HNRNPA1,CBFB,CREB3L3,GADD45A,HIC2,MBNL1,SMARCA4,JARID2,SUB1,PA2G4,DHX36,H1FX,YEATS4,SNRPC,SF3A3,CIB1,RPL36A,HMGB1,SUMO1,ZNF518A,UBA52,ZNF431,PCBD1,PRKCB,PTTG1,TDG,NCOR1,EGR1,YBX1,PHB,RPL7,MXD4,FEV,TGFB1,BPTF,RPL7A,LHX1,HNF4A
SNAI1,PBX2,DDB1,ARID3A,ZNF595,DNAJC21,ZNF385A,HOXB9,CAMTA1,HHEX,TCF4,PCBP1,POLR2B,MLLT11,DDRGK1,HP1BP3,UBA52,ID3,HOXC9,FAM200B,EGR1,MTDH,NPM1,ARID5B,PQBP1,CEBPB,NUCKS1,SOX4,MAFG,SSBP4,HOXB2,TOP2A,PCBP2,SAFB2,LMO2,YBX1,LMO4,TSC22D1,MEF2C,LHX1,FEV,RPL7,ZNF428,HES1,SNAI1,HMGA1,SMYD3,GTF3A,PHF19,HES6,HIST1H1C
KMT2A,ARID1A,PCBP1,POLR2L,HNRNPD,STRA13,REPIN1,CUX1,KDM1A,MTF2,ADAR,HOXC9,MTDH,PHB2,UBA52,HDAC1,CIB1,THYN1,UBTF,POLR2K,CITED2,MAVS,ZNF326,HHEX,TRIM27,CHRAC1,LRRFIP2,SMARCE1,MAFG,DDX5,ATF4,ZC3H18,GPBP1L1,RPS27A,DNAJC21,HOXB2,IRF3,PA2G4,HMGN3,RPL7A,TRAF4,GTF2A2,PURA,CFLAR,ZNF511,GPATCH8,HMGB1,SMYD3,RPL7,HIST1H1C,KMT2A
ISL2,ZNF318,LMO4,DDB1,EID1,TCF25,LYAR,H1FX,FEN1,MED15,PIN1,ZNF787,MDM4,SNRPC,HMGB3,GTF2F2,POLR2L,BDP1,PRMT2,ZNF207,JADE1,BAG1,PFDN1,ARID5B,CHD9,RPL7A,SMARCA4,TCF4,PSMD12,SMARCA5,MEF2C,RPS27A,ZMAT2,MTPN,PARP1,TOP2B,HMG20B,FEV,TSC22D1,NCOR1,RBPJ,HMGN3,DDX5,AES,EDF1,PA2G4,PHB,HIST1H1C,PITX1,SMYD3,ISL2
CSRNP1,EIF2AK4,SFPQ,MTF2,ELF2,UBC,LRRFIP2,HNRNPA1,NR2F2,CIR1,PHF19,CREG1,SCOC,HNRNPDL,KRAS,ENO1,HNRNPK,THAP7,PBX2,EIF3K,PCBP1,YY1,HP1BP3,ZNF385A,BTK,ZNF593,HES6,DDB1,ZNF595,UBE2N,HMG20B,HMGB2,DNAJC1,PITX1,LMO4,PRKCB,ZNF22,COMMD7,MEF2C,DRAP1,ATF6B,PYCARD,BRD9,H1FX,BOLA3,KLF1,MYC,LYAR,NPM1,HIST1H1C,CSRNP1
ARID1A,NFE2,HMGN3,CNOT7,ABL1,RPL36A,SUMO1,DNAJC1,ZNF787,ARID4B,MLLT11,PYCARD,ARID1A,JADE1,NPM1,MAFB,E2F3,ZNF431,LARP1B,RPS27A,NR2F2,BTG2,HOXB4,POLR2J,RPL7,ZC3H13,HMGN1,CITED2,HNRNPA1,ZNF428,ENO1,MTDH,PA2G4,TOP2A,PHF19,H1FX,YBX1,THAP4,UBC,NR6A1,ADAR,TCEAL8,HHEX,KRAS,BTK,LYL1,GATA1,ZFP36L1,TSC22D4,FEV,TGFB1
CNNM4,MTPN,RPL7A,MYB,MECP2,BAG1,TBPL1,THAP7,CTCF,RFXANK,ZCCHC11,MDM4,HNRNPK,HNRNPA3,HOXB2,RREB1,RPA2,ITGB3BP,HOXC9,ZNF706,MYBL2,SCAND1,POLR2E,KDM1A,RBM26,CEBPA,RPL36A,ZNF207,ZC3HAV1,HES6,RPL7,NPM1,ATF6B,HSPA1A,MXD4,ARID3A,TOP2A,JARID2,TCF4,GTF2A2,MLXIP,PHF19,SFPQ,HES1,DPF2,PITX1,ZNF428,HHEX,POLE4,ZFP36L2,FEV
NCL,JUN,RPL7,FARSA,ZC3H13,TADA3,BTG2,CSDE1,ZNF106,TDG,YBX1,UBE2N,HP1BP3,PFDN1,FAM200B,AATF,OTULIN,TCF4,HMGXB3,RELN,RNF114,HCFC1,POLR2A,RBM6,LRRFIP2,HOXB2,NONO,KMT2A,MAPK1,FUS,KDM1A,RPA2,NCOA4,NR2F6,MYCBP,POLR2E,ID1,EZH2,SF3A3,POLR2J,APEX1,KRAS,PQBP1,GTF2F2,PSMC5,HES6,TFDP1,SNRPC,PABPN1,SMUG1,BOLA3
ZBTB10,EDF1,MBNL1,HOXB4,EWSR1,ZNF518A,ARID4B,SNRPC,HNRNPU,ABL1,SMARCA5,PRAM1,KDM1A,SSRP1,ADAR,GADD45A,COMMD6,GTF3A,DEK,MTDH,PCBP2,SCAND1,TRIM28,STRA13,NUCKS1,LARP1,ZNF428,POLR2L,SNAPC5,BPTF,SUMO1,ARID5B,HNRNPA1,HP1BP3,PFDN1,LYAR,UBTF,PCBD1,HMGB2,ZBTB10,CHD3,TAX1BP1,CAMTA1,PITX1,PHF19,YBX1,HMGN3,ID3,ZNF385A,PYCARD,HMGA1
STIL,TOP2A,RREB1,HDAC2,CARHSP1,SMYD3,DAP,THRAP3,SON,DEK,GPATCH8,EIF3K,ATF4,DHX36,ARID3A,TERF2IP,JADE1,ZC3H13,NPM1,HMGN3,HP1BP3,BOLA3,ARID5B,ZRANB2,NFYC,CHD7,TFDP2,PHB2,ZNF207,CREG1,ARID1A,UBB,ZNF580,CHD4,MACF1,PCBP2,PHF19,HES1,CUX1,BTG2,RPS27A,HOXC9,ZNF595,POLR2E,NCOR1,UBC,HNRNPK,BDP1,HNRNPU,HMGB1,UBA52
ATL1,GATA1,GTF2I,KMT2C,CLU,DEK,BTG2,MRPL28,HNRNPAB,ITGB3BP,BRCA1,PABPN1,MBNL1,HES1,DNAJC21,PHB,CUX1,YBX1,CAMTA1,RPL7A,UBC,EWSR1,TADA3,POLR2L,CHD9,TFAM,EDF1,ARID3A,TRIM33,DNMT1,KLF1,SCMH1,SUB1,SMYD3,HMGB1,SNAPC5,H1FX,CITED4,NCOA4,HNRNPA1,PITX1,FEV,ZC3HAV1,PHF19,CREG1,STAT5A,RELN,UBA52,CARHSP1,ZNF431,TCF4
NIT1,PSMC5,ZNF639,TAF9,SIVA1,IRF3,SSBP3,EWSR1,ID2,NFE2L2,HMGXB4,MYC,FARSA,LHX1,HNRNPDL,HES1,UBA52,MED15,MTDH,ARID3A,HDAC3,SUB1,DDB1,RPL7,RELN,LYAR,MLLT10,SON,GLYR1,HMGA1,ZMAT3,HNRNPU,TSN,UBB,GTF3A,YBX1,MLXIP,TDG,MKRN1,MAFG,CARHSP1,ATF6B,HMGN1,PHF19,HIST1H1C,HMGB1,BTG2,POLR2A,RPL7A,POLR2L,SMUG1
CDKN1B,SNAPC5,PARP1,CHCHD3,HP1BP3,BRD4,CHD9,PQBP1,ABL1,HMGN3,UBA52,BANF1,TCEAL8,MSH6,HIC2,CAMTA1,MKRN1,PSMC5,NFE2,ZNF22,FUS,JARID2,TFAM,MIER1,TGFB1,PHB,DRAP1,NCOA4,REPIN1,PTTG1,PIM1,PHF19,CUL4A,ENO1,CLU,PARK7,FEV,SNRPC,TCF4,HIST1H1C,DEK,RPL36A,HNRNPA3,RPS27A,HMGB2,RPL7A,RPL7,SUB1,ZC3HAV1,ZNF431,HMGB1
PTPN13,CEBPZ,SMYD3,KDM5B,ZC3H8,YY1,COPS3,HMGN1,JADE1,MAPK1,HNRNPA3,SMARCC1,HMGN3,RFXANK,ABL1,E2F3,EIF3K,TAF9,ZNF706,PHB,SIVA1,ATF6B,CNOT7,CHAMP1,PITX1,PSMC5,CHD1,YBX1,RPS27A,RFC1,CXXC5,MAFG,TSC22D4,BAG1,HMGA1,MED15,TRIM38,CUX1,DNAJC21,HMGB1,AES,JARID2,ID2,NR2F2,CHD4,YBX3,ID3,LYL1,LMO2,TAL2,PIM1
HOXA13,EDF1,POLE3,BBX,DRAP1,BRCA1,MBNL1,BCLAF1,HDAC1,GTF2A2,SUB1,LMO2,PHB,PCNA,CHCHD3,KEAP1,HIST1H1C,RPL7,HMGA1,COMMD6,JARID2,YBX1,PHB2,TSC22D4,ID3,HHEX,RPL7A,HNRNPAB,MYC,TOP2A,TCF4,ATF6B,SNAPC5,LIN28B,NPM1,ITGB2,GTF3A,LMO4,NR2F2,ZNF431,BTG2,GTF2I,SCMH1,NFIC,MACF1,HMGB1,TRIM38,PA2G4,BPTF,HOXA13,PYCARD
CITED1,HNRNPU,CTBP1,BTG2,COMMD6,KEAP1,ELF1,PARK7,CTCF,ZNF706,DPF2,RNF114,ENO1,MBNL1,SSRP1,DRAP1,GTF3A,RBCK1,SNRPC,TBPL1,DDRGK1,TGFB1,NCOA4,HOXB4,ZCCHC11,HIST1H1C,MAPK1,MACF1,SIGIRR,GLYR1,RPS27A,SOX4,JADE1,DNAJC2,RBPJ,MYC,PIM1,HP1BP3,PITX1,CREM,NCOR1,HMGB1,HMGA1,MTDH,YBX3,YBX1,PA2G4,PHF19,GATA2,JUND,CITED1
PRDM1,UBC,NR2F2,HIC2,PIN1,RELN,DPF2,PA2G4,HLTF,UBA52,HMGN1,TOP2A,SUZ12,NPM1,RBCK1,RPL7,BAG1,YBX3,HMGA1,CHCHD3,RPL7A,TCF3,MTDH,TAX1BP1,GATA1,TSC22D1,PIM1,CNBP,MLX,ID1,PCBP2,RPS27A,JARID2,MYC,ZNF593,MLXIP,STAT5A,PYCARD,ARID5B,MYBL2,CARHSP1,LYAR,BOLA3,TCF4,NCOA4,MYB,FEV,HIST1H1C,KLF1,PRDM1,PITX1
HK2,RBPJ,FAM200B,PARP1,CFLAR,JUNB,KMT2A,CHRAC1,NR2F2,RPL36A,BOLA3,GTF3A,ADAR,PQBP1,CENPA,CSDE1,PITX1,SMARCA5,TBX1,GPBP1,MBD3,TSN,LMO2,ESRRA,RPL7A,UBE2K,C1D,HIC2,IKZF3,TRIM33,SUB1,ZEB1,RBCK1,SSB,HNRNPD,CHD9,BTK,HP1BP3,MAFG,NCOA4,ZNF518A,SMYD3,HNRNPU,RPA2,ZC3HAV1,MRPL28,XPA,ZNF431,PIM1,MYBL2,TCF4
CDKN1C,MEF2C,DNAJC2,NFE2,NCOR1,MIER1,SUMO1,NUCKS1,DAP,TCF4,TCF3,CENPA,DEK,ZC3H11A,EDF1,ZNF595,CAMTA1,THRAP3,BRD4,TAF11,SON,ZNF451,MPG,ZKSCAN1,ATM,UBA52,ZNF431,HIC2,JARID2,EWSR1,HES1,PBX2,TGFB1,MAVS,MYB,SNRPC,NCOA4,YBX1,PYCARD,ENO1,SUB1,PHB,ZC3HAV1,RPL7A,RPS27A,FUS,BOLA3,CLU,CREG1,HMGB2,HMGB1
EGR1,KMT2C,GTF3A,THRAP3,KEAP1,ZC3H8,MAD2L2,ZNF131,SUMO1,HMGN1,ZC3H15,MECP2,CLU,PTTG1,TCF25,PHB,BTK,CXXC5,RPL7,EDF1,JUND,AATF,ZNF106,POLR2L,NR6A1,UBC,SUB1,UBB,PITX1,RPL7A,SPI1,TCF4,PRKCB,PRMT2,TADA3,NFE2,ENO1,NPM1,TOP2A,ARID3A,NCOA4,USF2,RAD21,SSB,EGR1,DRAP1,HIST1H1C,ZNF385A,TGFB1,SNAPC5,MYC
